<?xml version="1.0" encoding="utf-8"?>
<odoo>
    <data noupdate="1">
        <!-- Sequences for customs declaration -->
        <record id="seq_eshow_log_book" model="ir.sequence">
            <field name="name">EShow Log Book</field>
            <field name="code">eshow.log.book</field>
            <field name="prefix">LOG%(y)s%(month)s%(day)s-</field>
            <field name="padding">3</field>
            <field name="company_id" eval="False"/>
        </record>

    </data>
</odoo>
