<?xml version="1.0" encoding="utf-8"?>
<odoo>
    <data noupdate="0">
        <record id="get_access_token" model="connector.lingxing">
            <field name="name">get_access_token</field>
            <field name="action_description">Get Access Token</field>
            <field name="action_type">import</field>
            <field name="route">/erp/sc/api/auth-server/oauth/access-token</field>
            <field name="method">GET</field>
            <field name="max_concurrency">1</field>

        </record>
        <record id="import_web_shops" model="connector.lingxing">
            <field name="name">import_web_shops</field>
            <field name="action_description">Import Web Shops</field>
            <field name="action_type">import</field>
            <field name="route">/erp/sc/data/seller/lists</field>
            <field name="method">GET</field>
            <field name="max_concurrency">1</field>
            <field name="related_model_id" search="[('model','=','web.sale.shop')]"/>
        </record>
        <record id="export_local_products" model="connector.lingxing">
            <field name="name">export_local_products</field>
            <field name="action_description">Export Local Products</field>
            <field name="action_type">export</field>
            <field name="route">/erp/sc/routing/storage/product/set</field>
            <field name="method">POST</field>
            <field name="max_concurrency">10</field>
            <field name="related_model_id" search="[('model','=','product.product')]"/>
        </record>
        <record id="import_shop_products" model="connector.lingxing">
            <field name="name">import_shop_products</field>
            <field name="action_description">Import Shop Products</field>
            <field name="action_type">import</field>
            <field name="route">/erp/sc//data/mws/listing</field>
            <field name="method">POST</field>
            <field name="max_concurrency">1</field>
            <field name="related_model_id" search="[('model','=','web.sale.shop.product')]"/>
        </record>
    </data>
</odoo>
