<?xml version="1.0" encoding="utf-8"?>
<odoo>
    <data noupdate="1">
        <!-- Scheduler -->

        <record forcecreate="True" id="ir_cron_regenerate_mrp_production_schedule_master_action" model="ir.cron">
            <field name="name">Regenerate Mrp Production Schedule Master: run scheduler</field>
            <field name="model_id" ref="model_mrp_production_schedule_master"/>
            <field name="state">code</field>
            <field name="code">
model.run_scheduler(True)
            </field>
            <field eval="False" name="active"/>
            <field name="user_id" ref="base.user_root"/>
            <field name="interval_number">7</field>
            <field name="interval_type">days</field>
            <field name="numbercall">-1</field>
            <field eval="False" name="doall"/>
        </record>
    </data>
</odoo>
