<?xml version="1.0" encoding="utf-8"?>
<odoo>
    <data noupdate="0">
        <!-- Scheduler -->

        <record forcecreate="True" id="ir_cron_regenerate_shipping_schedule_action" model="ir.cron">
            <field name="name">EShow Regenerate Shipping Schedule</field>
            <field name="model_id" ref="model_web_sale_shipping_schedule"/>
            <field name="state">code</field>
            <field name="code">
model.run_scheduler(True)
            </field>
            <field eval="False" name="active"/>
            <field name="user_id" ref="base.user_root"/>
            <field name="interval_number">1</field>
            <field name="interval_type">months</field>
            <field name="numbercall">-1</field>
            <field eval="False" name="doall"/>
            <field name="nextcall" eval="(datetime.now().replace(day=1,hour=16,minute=0,second=0) + relativedelta(months=1)).strftime('%Y-%m-%d %H:%M:%S')"/>

        </record>
    </data>
</odoo>
