<?xml version="1.0" encoding="utf-8"?>
<odoo>
        <record id="account_financial_report_cn_profitloss0" model="account.financial.html.report">
            <field name="name">利润表 - 开源智造</field>
            <field name="analytic" eval="True"/>
            <field name="unfold_all_filter" eval="True"/>
            <field name="show_journal_filter" eval="True"/>
            <field name='parent_id' ref='account.account_reports_legal_statements_menu'/>
        </record>

        <record id="account_financial_report_cn_PL_01" model="account.financial.html.report.line">
            <field name="name">一、营业收入</field>
            <field name="code">PL_01</field>
            <field name="financial_report_id" ref="account_financial_report_cn_profitloss0"/>
            <field name="domain" eval="['|','|','|','|','|',('account_id.code', '=like', '6001%'), ('account_id.code', '=like', '6051%'),('account_id.code', '=like', '6011%'),('account_id.code', '=like', '6021%'),('account_id.code', '=like', '6031%'),('account_id.code', '=like', '6041%')]" />
            <field name="groupby">account_id</field>
            <field name="formulas">-sum</field>
            <field name="special_date_changer">normal</field>
            <field name="sequence" eval="1"/>
            <field name="level" eval="1" />
        </record>
        <record id="account_financial_report_cn_PL_02" model="account.financial.html.report.line">
            <field name="name">减：营业成本</field>
            <field name="code">PL_02</field>
            <field name="financial_report_id" ref="account_financial_report_cn_profitloss0"/>
            <field name="domain" eval="['|', ('account_id.code', '=like', '6401%'), ('account_id.code', '=like', '6402%')]" />
            <field name="groupby">account_id</field>
            <field name="formulas">sum</field>
            <field name="special_date_changer">normal</field>
            <field name="sequence" eval="2"/>
            <field name="level" eval="2" />
        </record>
        <record id="account_financial_report_cn_PL_03" model="account.financial.html.report.line">
            <field name="name">营业税金及附加</field>
            <field name="code">PL_03</field>
            <field name="financial_report_id" ref="account_financial_report_cn_profitloss0"/>
            <field name="domain" eval="[('account_id.code', '=like', '6403%')]" />
            <field name="groupby">account_id</field>
            <field name="formulas">sum</field>
            <field name="special_date_changer">normal</field>
            <field name="sequence" eval="3"/>
            <field name="level" eval="2" />
        </record>
        <record id="account_financial_report_cn_PL_04" model="account.financial.html.report.line">
            <field name="name">销售费用</field>
            <field name="code">PL_04</field>
            <field name="financial_report_id" ref="account_financial_report_cn_profitloss0"/>
            <field name="domain" eval="[('account_id.code', '=like', '6601%')]" />
            <field name="groupby">account_id</field>
            <field name="formulas">sum</field>
            <field name="special_date_changer">normal</field>
            <field name="sequence" eval="4"/>
            <field name="level" eval="2" />
        </record>
        <record id="account_financial_report_cn_PL_05" model="account.financial.html.report.line">
            <field name="name">管理费用</field>
            <field name="code">PL_05</field>
            <field name="financial_report_id" ref="account_financial_report_cn_profitloss0"/>
            <field name="domain" eval="['|','|',('account_id.code', '=like', '6602%'),('account_id.code', '=', '530101'),('account_id.code', '=like', '6421%')]" />
            <field name="groupby">account_id</field>
            <field name="formulas">sum</field>
            <field name="special_date_changer">normal</field>
            <field name="sequence" eval="5"/>
            <field name="level" eval="2" />
        </record>
        <record id="account_financial_report_cn_PL_06" model="account.financial.html.report.line">
            <field name="name">财务费用</field>
            <field name="code">PL_06</field>
            <field name="financial_report_id" ref="account_financial_report_cn_profitloss0"/>
            <field name="domain" eval="['|','|','|',('account_id.code', '=like', '6603%'),('account_id.code', '=like', '6061%'),('account_id.code', '=like', '6411%'),('account_id.code', '=like', '6511%')]" />
            <field name="groupby">account_id</field>
            <field name="formulas">sum</field>
            <field name="special_date_changer">normal</field>
            <field name="sequence" eval="6"/>
            <field name="level" eval="2" />
        </record>

        <record id="account_financial_report_cn_PL_062" model="account.financial.html.report.line">
            <field name="name">研发支出</field>
            <field name="code">PL_062</field>
            <field name="financial_report_id" ref="account_financial_report_cn_profitloss0"/>
            <field name="domain" eval="[('account_id.code', '=like', '530101%')]" />
            <field name="groupby">account_id</field>
            <field name="formulas">sum</field>
            <field name="special_date_changer">normal</field>			
            <field name="sequence" eval="7"/>
            <field name="level" eval="2" />
        </record>

        <record id="account_financial_report_cn_PL_061" model="account.financial.html.report.line">
            <field name="name">资产减值损失</field>
            <field name="code">PL_061</field>
            <field name="financial_report_id" ref="account_financial_report_cn_profitloss0"/>
            <field name="domain" eval="[('account_id.code', '=like', '6701%')]" />
            <field name="groupby">account_id</field>
            <field name="formulas">sum</field>
            <field name="special_date_changer">normal</field>
            <field name="sequence" eval="8"/>
            <field name="level" eval="2" />
        </record>	

        <record id="account_financial_report_cn_PL_071" model="account.financial.html.report.line">
            <field name="name">加：公允价值变动损益</field>
            <field name="code">PL_071</field>
            <field name="financial_report_id" ref="account_financial_report_cn_profitloss0"/>
            <field name="domain" eval="[('account_id.code', '=like', '6101%')]" />
            <field name="groupby">account_id</field>
            <field name="formulas">-sum</field>
            <field name="special_date_changer">normal</field>			
            <field name="sequence" eval="9"/>
            <field name="level" eval="2" />
        </record>

        <record id="account_financial_report_cn_PL_07" model="account.financial.html.report.line">
            <field name="name">加：投资收益</field>
            <field name="code">PL_07</field>
            <field name="financial_report_id" ref="account_financial_report_cn_profitloss0"/>
            <field name="domain" eval="[('account_id.code', '=like', '6111%')]" />
            <field name="groupby">account_id</field>
            <field name="formulas">-sum</field>
            <field name="sequence" eval="10"/>
            <field name="level" eval="2" />
        </record>

        <record id="account_financial_report_cn_PL_20" model="account.financial.html.report.line">
            <field name="name">二、营业利润</field>
            <field name="code">PL_20</field>
            <field name="financial_report_id" ref="account_financial_report_cn_profitloss0"/>
            <field name="formulas">PL_01 - PL_02 - PL_03 - PL_04 - PL_05 - PL_06 - PL_061 - PL_062 + PL_07 + PL_071 </field>
            <field name="sequence" eval="12"/>
            <field name="level" eval="1" />
        </record>

        <record id="account_financial_report_cn_PL_21" model="account.financial.html.report.line">
            <field name="name">加：营业外收入</field>
            <field name="code">PL_21</field>
            <field name="financial_report_id" ref="account_financial_report_cn_profitloss0"/>
            <field name="domain" eval="[('account_id.code', '=like', '6301%')]" />
            <field name="groupby">account_id</field>
            <field name="formulas">-sum</field>
            <field name="sequence" eval="13"/>
            <field name="level" eval="2" />
        </record>
        <record id="account_financial_report_cn_PL_22" model="account.financial.html.report.line">
            <field name="name">减：营业外支出</field>
            <field name="code">PL_22</field>
            <field name="financial_report_id" ref="account_financial_report_cn_profitloss0"/>
            <field name="domain" eval="['|',('account_id.code', '=like', '6711%'),('account_id.code', '=like', '6511%')]" />
            <field name="groupby">account_id</field>
            <field name="formulas">sum</field>
            <field name="sequence" eval="14"/>
            <field name="level" eval="2" />
        </record>

        <record id="account_financial_report_cn_PL_30" model="account.financial.html.report.line">
            <field name="name">三、利润总额</field>
            <field name="code">PL_30</field>
            <field name="financial_report_id" ref="account_financial_report_cn_profitloss0"/>
            <field name="formulas">PL_20 + PL_21 - PL_22</field>
            <field name="sequence" eval="15"/>
            <field name="level" eval="1" />
        </record>

        <record id="account_financial_report_cn_PL_31" model="account.financial.html.report.line">
            <field name="name">减：所得税费用</field>
            <field name="code">PL_31</field>
            <field name="financial_report_id" ref="account_financial_report_cn_profitloss0"/>
            <field name="domain" eval="[('account_id.code', '=like', '6801%')]" />
            <field name="groupby">account_id</field>
            <field name="formulas">sum</field>
            <field name="sequence" eval="16"/>
            <field name="level" eval="2" />
        </record>

        <record id="account_financial_report_cn_PL_40" model="account.financial.html.report.line">
            <field name="name">四、净利润</field>
            <field name="code">PL_40</field>
            <field name="financial_report_id" ref="account_financial_report_cn_profitloss0"/>
            <field name="formulas">PL_30 - PL_31</field>
            <field name="sequence" eval="17"/>
            <field name="level" eval="1" />
        </record>


        <record id="account_financial_report_cn_balancesheet0" model="account.financial.html.report">
            <field name="name">资产负债表 - 开源智造</field>
            <field name="date_range" eval="False"/>
            <field name="analytic" eval="True"/>
            <field name="unfold_all_filter" eval="True"/>
            <field name="show_journal_filter" eval="True"/>
            <field name='parent_id' ref='account.account_reports_legal_statements_menu'/>
        </record>

        <record id="account_financial_report_cn_bs_ZC0" model="account.financial.html.report.line">
            <field name="name">流动资产：</field>
            <field name="sequence" eval="0"/>
            <field name="financial_report_id" ref="account_financial_report_cn_balancesheet0"/>
            <field name="code">BS_ZC0</field>
            <field name="formulas">BS_01 + BS_02 + BS_03 + BS_04 + BS_05 + BS_06 + BS_07 + BS_08 + BS_09 + BS_14</field>
            <field name="level" eval="1" />
        </record>
        <record id="account_financial_report_cn_BS_01" model="account.financial.html.report.line">
            <field name="name">货币资金</field>
            <field name="code">BS_01</field>
            <field name="parent_id" ref='account_financial_report_cn_bs_ZC0'/>
            <field name="domain" eval="['|','|', ('account_id.code', '=like', '1001%'), ('account_id.code', '=like', '1002%'), ('account_id.code', '=like', '1012%')]" />
            <field name="groupby">account_id</field>
            <field name="formulas">sum</field>
            <field name="sequence" eval="2"/>
            <field name="level" eval="2" />
        </record>
        <record id="account_financial_report_cn_BS_02" model="account.financial.html.report.line">
            <field name="name">短期投资</field>
            <field name="code">BS_02</field>
            <field name="parent_id" ref='account_financial_report_cn_bs_ZC0'/>
            <field name="domain" eval="[('account_id.code', '=like', '1101%')]" />
            <field name="groupby">account_id</field>
            <field name="formulas">sum</field>
            <field name="sequence" eval="3"/>
            <field name="level" eval="2" />
        </record>
        <record id="account_financial_report_cn_BS_03" model="account.financial.html.report.line">
            <field name="name">应收票据</field>
            <field name="code">BS_03</field>
            <field name="parent_id" ref='account_financial_report_cn_bs_ZC0'/>
            <field name="domain" eval="[('account_id.code', '=like', '1121%')]" />
            <field name="groupby">account_id</field>
            <field name="formulas">sum</field>
            <field name="sequence" eval="4"/>
            <field name="level" eval="2" />
        </record>
        <record id="account_financial_report_cn_BS_04" model="account.financial.html.report.line">
            <field name="name">应收账款</field>
            <field name="code">BS_04</field>
            <field name="parent_id" ref='account_financial_report_cn_bs_ZC0'/>
            <field name="formulas">BS_04_1 - BS_04_2</field>
            <field name="sequence" eval="5"/>
            <field name="level" eval="2" />
        </record>

        <record id="account_financial_report_cn_BS_04_1" model="account.financial.html.report.line">
            <field name="name">应收账款</field>
            <field name="code">BS_04_1</field>
            <field name="parent_id" ref='account_financial_report_cn_BS_04'/>
            <field name="domain" eval="[('account_id.code', '=like', '1122%')]" />
            <field name="groupby">account_id</field>
            <field name="formulas">sum</field>
            <field name="sequence" eval="30"/>
            <field name="level" eval="3" />
        </record>	

        <record id="account_financial_report_cn_BS_04_2" model="account.financial.html.report.line">
            <field name="name">坏账准备</field>
            <field name="code">BS_04_2</field>
            <field name="parent_id" ref='account_financial_report_cn_BS_04'/>
            <field name="domain" eval="[('account_id.code', '=like', '1231%')]" />
            <field name="groupby">account_id</field>
            <field name="formulas">sum</field>
            <field name="sequence" eval="31"/>
            <field name="level" eval="3" />
        </record>

        <record id="account_financial_report_cn_BS_05" model="account.financial.html.report.line">
            <field name="name">预付账款</field>
            <field name="code">BS_05</field>
            <field name="parent_id" ref='account_financial_report_cn_bs_ZC0'/>
            <field name="domain" eval="[('account_id.code', '=like', '1123%')]" />
            <field name="groupby">account_id</field>
            <field name="formulas">sum</field>
            <field name="sequence" eval="6"/>
            <field name="level" eval="2" />
        </record>
        <record id="account_financial_report_cn_BS_06" model="account.financial.html.report.line">
            <field name="name">应收股利</field>
            <field name="code">BS_06</field>
            <field name="parent_id" ref='account_financial_report_cn_bs_ZC0'/>
            <field name="domain" eval="[('account_id.code', '=like', '1131%')]" />
            <field name="groupby">account_id</field>
            <field name="formulas">sum</field>
            <field name="sequence" eval="7"/>
            <field name="level" eval="2" />
        </record>
        <record id="account_financial_report_cn_BS_07" model="account.financial.html.report.line">
            <field name="name">应收利息</field>
            <field name="code">BS_07</field>
            <field name="parent_id" ref='account_financial_report_cn_bs_ZC0'/>
            <field name="domain" eval="[('account_id.code', '=like', '1132%')]" />
            <field name="groupby">account_id</field>
            <field name="formulas">sum</field>
            <field name="sequence" eval="8"/>
            <field name="level" eval="2" />
        </record>
        <record id="account_financial_report_cn_BS_08" model="account.financial.html.report.line">
            <field name="name">其他应收款</field>
            <field name="code">BS_08</field>
            <field name="parent_id" ref='account_financial_report_cn_bs_ZC0'/>
            <field name="domain" eval="[('account_id.code', '=like', '1221%')]" />
            <field name="groupby">account_id</field>
            <field name="formulas">sum</field>
            <field name="sequence" eval="9"/>
            <field name="level" eval="2" />
        </record>
        <record id="account_financial_report_cn_BS_09" model="account.financial.html.report.line">
            <field name="name">存货</field>
            <field name="code">BS_09</field>
            <field name="parent_id" ref='account_financial_report_cn_bs_ZC0'/>
            <field name="formulas">BS_1510 +BS_1710 +BS_1810 +BS_10 + BS_11 +BS_1910 + BS_12 +BS_2010 + BS_13 - BS_2210</field>
            <field name="sequence" eval="9"/>
            <field name="level" eval="2" />
        </record>

        <record id="account_financial_report_cn_BS_1510" model="account.financial.html.report.line">
            <field name="name">材料采购</field>
            <field name="code">BS_1510</field>
            <field name="parent_id" ref='account_financial_report_cn_BS_09'/>
            <field name="domain" eval="[('account_id.code', '=like', '1401%')]"/>
            <field name="groupby">account_id</field>
            <field name="formulas">sum</field>
            <field name="sequence" eval="11"/>
            <field name="level" eval="3" />
        </record>

        <record id="account_financial_report_cn_BS_1710" model="account.financial.html.report.line">
            <field name="name">在途物资</field>
            <field name="code">BS_1710</field>
            <field name="parent_id" ref='account_financial_report_cn_BS_09'/>
            <field name="domain" eval="[('account_id.code', '=like', '1402%')]"/>
            <field name="groupby">account_id</field>
            <field name="formulas">sum</field>
            <field name="sequence" eval="12"/>
            <field name="level" eval="3" />
        </record>

        <record id="account_financial_report_cn_BS_1810" model="account.financial.html.report.line">
            <field name="name">材料成本差异</field>
            <field name="code">BS_1810</field>
            <field name="parent_id" ref='account_financial_report_cn_BS_09'/>
            <field name="domain" eval="['|',('account_id.code', '=like', '1404%'),('account_id.code', '=like', '1407%')]"/>
            <field name="groupby">account_id</field>
            <field name="formulas">sum</field>
            <field name="sequence" eval="13"/>
            <field name="level" eval="3" />
        </record>

        <record id="account_financial_report_cn_BS_10" model="account.financial.html.report.line">
            <field name="name">其中：原材料</field>
            <field name="code">BS_10</field>
            <field name="parent_id" ref='account_financial_report_cn_BS_09'/>
            <field name="domain" eval="[('account_id.code', '=like', '1403%')]" />
            <field name="groupby">account_id</field>
            <field name="formulas">sum</field>
            <field name="sequence" eval="14"/>
            <field name="level" eval="3" />
        </record>
        <record id="account_financial_report_cn_BS_11" model="account.financial.html.report.line">
            <field name="name">在产品</field>
            <field name="code">BS_11</field>
            <field name="parent_id" ref='account_financial_report_cn_BS_09'/>
            <field name="domain" eval="['|','|','|', ('account_id.code', '=like', '5001%'), ('account_id.code', '=like', '5101%'), ('account_id.code', '=like', '1409%'), ('account_id.code', '=like', '5201%')]" />
            <field name="groupby">account_id</field>
            <field name="formulas">sum</field>
            <field name="sequence" eval="15"/>
            <field name="level" eval="3" />
        </record>

        <record id="account_financial_report_cn_BS_1910" model="account.financial.html.report.line">
            <field name="name">发出商品</field>
            <field name="code">BS_1910</field>
            <field name="parent_id" ref='account_financial_report_cn_BS_09'/>
            <field name="domain" eval="[('account_id.code', '=like', '1406%')]" />
            <field name="groupby">account_id</field>
            <field name="formulas">sum</field>
            <field name="sequence" eval="16"/>
            <field name="level" eval="3" />
        </record>

        <record id="account_financial_report_cn_BS_12" model="account.financial.html.report.line">
            <field name="name">库存商品</field>
            <field name="code">BS_12</field>
            <field name="parent_id" ref='account_financial_report_cn_BS_09'/>
            <field name="domain" eval="[('account_id.code', '=like', '1405%')]" />
            <field name="groupby">account_id</field>
            <field name="formulas">sum</field>
            <field name="sequence" eval="17"/>
            <field name="level" eval="3" />
        </record>

        <record id="account_financial_report_cn_BS_2010" model="account.financial.html.report.line">
            <field name="name">委托加工物资</field>
            <field name="code">BS_2010</field>
            <field name="parent_id" ref='account_financial_report_cn_BS_09'/>
            <field name="domain" eval="[('account_id.code', '=like', '1408%')]" />
            <field name="groupby">account_id</field>
            <field name="formulas">sum</field>
            <field name="sequence" eval="18"/>
            <field name="level" eval="3" />
        </record>

        <record id="account_financial_report_cn_BS_13" model="account.financial.html.report.line">
            <field name="name">周转材料</field>
            <field name="code">BS_13</field>
            <field name="parent_id" ref='account_financial_report_cn_BS_09'/>
            <field name="domain" eval="[('account_id.code', '=like', '1411%')]" />
            <field name="groupby">account_id</field>
            <field name="formulas">sum</field>
            <field name="sequence" eval="19"/>
            <field name="level" eval="3" />
        </record>

        <record id="account_financial_report_cn_BS_2210" model="account.financial.html.report.line">
            <field name="name">存货跌价准备</field>
            <field name="code">BS_2210</field>
            <field name="parent_id" ref='account_financial_report_cn_BS_09'/>
            <field name="domain" eval="[('account_id.code', '=like', '1471%')]" />
            <field name="groupby">account_id</field>
            <field name="formulas">sum</field>
            <field name="sequence" eval="20"/>
            <field name="level" eval="3" />
        </record>

        <record id="account_financial_report_cn_BS_14" model="account.financial.html.report.line">
            <field name="name">其他流动资产</field>
            <field name="code">BS_14</field>
            <field name="parent_id" ref='account_financial_report_cn_bs_ZC0'/>
            <field name="domain" eval="['|','|',('account_id.code', '=like', '1012%'),('account_id.code', '=like', '1901%'),('account_id.code', '=like', '1222%')]" />
            <field name="groupby">account_id</field>
            <field name="formulas">sum</field>
            <field name="sequence" eval="21"/>
            <field name="level" eval="2" />
        </record>

        <record id="account_financial_report_cn_bs_ZC2" model="account.financial.html.report.line">
            <field name="name">非流动资产：</field>
            <field name="sequence" eval="22"/>
            <field name="financial_report_id" ref="account_financial_report_cn_balancesheet0"/>
            <field name="code">BS_ZC2</field>
            <field name="formulas">BS_171 + BS_16 + BS_17 + BS_20 + BS_21 + BS_22 + BS_23 + BS_24 + BS_252 + BS_26 + BS_27 + BS_28</field>
            <field name="level" eval="1" />
        </record>

        <record id="account_financial_report_cn_BS_171" model="account.financial.html.report.line">
            <field name="name">长期应收款</field>
            <field name="code">BS_171</field>
            <field name="parent_id" ref='account_financial_report_cn_bs_ZC2'/>
            <field name="domain" eval="[('account_id.code', '=like', '1531%')]" />
            <field name="groupby">account_id</field>
            <field name="formulas">sum</field>
            <field name="sequence" eval="23"/>
            <field name="level" eval="2" />
        </record>

        <record id="account_financial_report_cn_BS_16" model="account.financial.html.report.line">
            <field name="name">长期债券投资</field>
            <field name="code">BS_16</field>
            <field name="parent_id" ref='account_financial_report_cn_bs_ZC2'/>
            <field name="domain" eval="[('account_id.code', '=like', '1501%')]" />
            <field name="groupby">account_id</field>
            <field name="formulas">sum</field>
            <field name="sequence" eval="24"/>
            <field name="level" eval="2" />
        </record>
        <record id="account_financial_report_cn_BS_17" model="account.financial.html.report.line">
            <field name="name">长期股权投资</field>
            <field name="code">BS_17</field>
            <field name="parent_id" ref='account_financial_report_cn_bs_ZC2'/>
            <field name="domain" eval="[('account_id.code', '=like', '1511%')]" />
            <field name="groupby">account_id</field>
            <field name="formulas">sum</field>
            <field name="sequence" eval="25"/>
            <field name="level" eval="2" />
        </record>
        <record id="account_financial_report_cn_BS_18" model="account.financial.html.report.line">
            <field name="name">固定资产原价</field>
            <field name="code">BS_18</field>
            <field name="parent_id" ref='account_financial_report_cn_bs_ZC2'/>
            <field name="domain" eval="[('account_id.code', '=like', '1601%')]" />
            <field name="groupby">account_id</field>
            <field name="formulas">sum</field>
            <field name="sequence" eval="26"/>
            <field name="level" eval="2" />
        </record>
        <record id="account_financial_report_cn_BS_19" model="account.financial.html.report.line">
            <field name="name">减：累计折旧</field>
            <field name="code">BS_19</field>
            <field name="parent_id" ref='account_financial_report_cn_bs_ZC2'/>
            <field name="domain" eval="[('account_id.code', '=like', '1602%')]" />
            <field name="groupby">account_id</field>
            <field name="formulas">sum</field>
            <field name="sequence" eval="27"/>
            <field name="level" eval="2" />
        </record>

        <record id="account_financial_report_cn_BS_191" model="account.financial.html.report.line">
            <field name="name">减：固定资产减值准备</field>
            <field name="code">BS_191</field>
            <field name="parent_id" ref='account_financial_report_cn_bs_ZC2'/>
            <field name="domain" eval="[('account_id.code', '=like', '1603%')]" />
            <field name="groupby">account_id</field>
            <field name="formulas">sum</field>
            <field name="sequence" eval="28"/>
            <field name="level" eval="2" />
        </record>

        <record id="account_financial_report_cn_BS_20" model="account.financial.html.report.line">
            <field name="name">固定资产账面价值</field>
            <field name="code">BS_20</field>
            <field name="parent_id" ref='account_financial_report_cn_bs_ZC2'/>
            <field name="formulas">BS_18 + BS_19 + BS_191</field>
            <field name="sequence" eval="29"/>
            <field name="level" eval="2" />
        </record>
        <record id="account_financial_report_cn_BS_21" model="account.financial.html.report.line">
            <field name="name">在建工程</field>
            <field name="code">BS_21</field>
            <field name="parent_id" ref='account_financial_report_cn_bs_ZC2'/>
            <field name="domain" eval="[('account_id.code', '=like', '1604%')]" />
            <field name="groupby">account_id</field>
            <field name="formulas">sum</field>
            <field name="sequence" eval="30"/>
            <field name="level" eval="2" />
        </record>
        <record id="account_financial_report_cn_BS_22" model="account.financial.html.report.line">
            <field name="name">工程物资</field>
            <field name="code">BS_22</field>
            <field name="parent_id" ref='account_financial_report_cn_bs_ZC2'/>
            <field name="domain" eval="[('account_id.code', '=like', '1605%')]" />
            <field name="groupby">account_id</field>
            <field name="formulas">sum</field>
            <field name="sequence" eval="31"/>
            <field name="level" eval="2" />
        </record>
        <record id="account_financial_report_cn_BS_23" model="account.financial.html.report.line">
            <field name="name">固定资产清理</field>
            <field name="code">BS_23</field>
            <field name="parent_id" ref='account_financial_report_cn_bs_ZC2'/>
            <field name="domain" eval="[('account_id.code', '=like', '1606%')]" />
            <field name="groupby">account_id</field>
            <field name="formulas">sum</field>
            <field name="sequence" eval="32"/>
            <field name="level" eval="2" />
        </record>
        <record id="account_financial_report_cn_BS_24" model="account.financial.html.report.line">
            <field name="name">生产性生物资产</field>
            <field name="code">BS_24</field>
            <field name="parent_id" ref='account_financial_report_cn_bs_ZC2'/>
            <field name="domain" eval="[('account_id.code', '=like', '1621%')]" />
            <field name="groupby">account_id</field>
            <field name="formulas">sum</field>
            <field name="sequence" eval="33"/>
            <field name="level" eval="2" />
        </record>
        <record id="account_financial_report_cn_BS_25" model="account.financial.html.report.line">
            <field name="name">无形资产</field>
            <field name="code">BS_25</field>
            <field name="parent_id" ref='account_financial_report_cn_bs_ZC2'/>
            <field name="domain" eval="[('account_id.code', '=like', '1701%')]" />
            <field name="groupby">account_id</field>
            <field name="formulas">sum</field>
            <field name="sequence" eval="34"/>
            <field name="level" eval="2" />
        </record>

        <record id="account_financial_report_cn_BS_251" model="account.financial.html.report.line">
            <field name="name">减：无形摊销</field>
            <field name="code">BS_251</field>
            <field name="parent_id" ref='account_financial_report_cn_bs_ZC2'/>
            <field name="domain" eval="[('account_id.code', '=like', '1702%')]" />
            <field name="groupby">account_id</field>
            <field name="formulas">sum</field>
            <field name="sequence" eval="35"/>
            <field name="level" eval="2" />
        </record>

        <record id="account_financial_report_cn_BS_253" model="account.financial.html.report.line">
            <field name="name">减：无形资产减值准备</field>
            <field name="code">BS_253</field>
            <field name="parent_id" ref='account_financial_report_cn_bs_ZC2'/>
            <field name="domain" eval="[('account_id.code', '=like', '1703%')]" />
            <field name="groupby">account_id</field>
            <field name="formulas">sum</field>
            <field name="sequence" eval="36"/>
            <field name="level" eval="2" />
        </record>

        <record id="account_financial_report_cn_BS_252" model="account.financial.html.report.line">
            <field name="name">无形资产账面价值</field>
            <field name="code">BS_252</field>
            <field name="parent_id" ref='account_financial_report_cn_bs_ZC2'/>
            <field name="formulas">BS_25 + BS_251 + BS_253</field>
            <field name="sequence" eval="37"/>
            <field name="level" eval="2" />
        </record>

        <record id="account_financial_report_cn_BS_26" model="account.financial.html.report.line">
            <field name="name">开发支出</field>
            <field name="code">BS_26</field>
            <field name="parent_id" ref='account_financial_report_cn_bs_ZC2'/>
            <field name="domain" eval="[('account_id.code', '=like', '530102%')]" />
            <field name="groupby">account_id</field>
            <field name="formulas">sum</field>
            <field name="sequence" eval="38"/>
            <field name="level" eval="2" />
        </record>
        <record id="account_financial_report_cn_BS_27" model="account.financial.html.report.line">
            <field name="name">长期待摊费用</field>
            <field name="code">BS_27</field>
            <field name="parent_id" ref='account_financial_report_cn_bs_ZC2'/>
            <field name="domain" eval="[('account_id.code', '=like', '1801%')]" />
            <field name="groupby">account_id</field>
            <field name="formulas">sum</field>
            <field name="sequence" eval="39"/>
            <field name="level" eval="2" />
        </record>
        <record id="account_financial_report_cn_BS_28" model="account.financial.html.report.line">
            <field name="name">其他非流动资产</field>
            <field name="code">BS_28</field>
            <field name="parent_id" ref='account_financial_report_cn_bs_ZC2'/>
            <field name="domain" eval="[('account_id.code', '=like', '1811%')]" />
            <field name="groupby">account_id</field>            
            <field name="formulas">sum</field>
            <field name="sequence" eval="40"/>
            <field name="level" eval="2" />
        </record>

        <record id="account_financial_report_cn_BS_30" model="account.financial.html.report.line">
            <field name="name">资产总计</field>
            <field name="code">BS_30</field>
            <field name="financial_report_id" ref="account_financial_report_cn_balancesheet0"/>
            <field name="formulas">BS_ZC0 + BS_ZC2 </field>
            <field name="sequence" eval="41"/>
            <field name="level" eval="2" />
        </record>

        <record id="account_financial_report_cn_bs_ZC4" model="account.financial.html.report.line">
            <field name="name">流动负债：</field>
            <field name="sequence" eval="42"/>
            <field name="financial_report_id" ref="account_financial_report_cn_balancesheet0"/>
            <field name="code">BS_ZC4</field>
            <field name="formulas">BS_31 + BS_32 + BS_33 + BS_34 + BS_35 + BS_36 + BS_37 + BS_38 + BS_39 + BS_40</field>
            <field name="level" eval="1" />
        </record>
        <record id="account_financial_report_cn_BS_31" model="account.financial.html.report.line">
            <field name="name">短期借款</field>
            <field name="code">BS_31</field>
            <field name="parent_id" ref='account_financial_report_cn_bs_ZC4'/>
            <field name="domain" eval="[('account_id.code', '=like', '2001%')]" />
            <field name="groupby">account_id</field>
            <field name="formulas">-sum</field>
            <field name="sequence" eval="43"/>
            <field name="level" eval="2" />
        </record>
        <record id="account_financial_report_cn_BS_32" model="account.financial.html.report.line">
            <field name="name">应付票据</field>
            <field name="code">BS_32</field>
            <field name="parent_id" ref='account_financial_report_cn_bs_ZC4'/>
            <field name="domain" eval="[('account_id.code', '=like', '2201%')]" />
            <field name="groupby">account_id</field>
            <field name="formulas">-sum</field>
            <field name="sequence" eval="44"/>
            <field name="level" eval="2" />
        </record>
        <record id="account_financial_report_cn_BS_33" model="account.financial.html.report.line">
            <field name="name">应付账款</field>
            <field name="code">BS_33</field>
            <field name="parent_id" ref='account_financial_report_cn_bs_ZC4'/>
            <field name="domain" eval="[('account_id.code', '=like', '2202%')]" />
            <field name="groupby">account_id</field>
            <field name="formulas">-sum</field>
            <field name="sequence" eval="45"/>
            <field name="level" eval="2" />
        </record>
        <record id="account_financial_report_cn_BS_34" model="account.financial.html.report.line">
            <field name="name">预收账款</field>
            <field name="code">BS_34</field>
            <field name="parent_id" ref='account_financial_report_cn_bs_ZC4'/>
            <field name="domain" eval="[('account_id.code', '=like', '2203%')]" />
            <field name="groupby">account_id</field>
            <field name="formulas">-sum</field>
            <field name="sequence" eval="46"/>
            <field name="level" eval="2" />
        </record>
        <record id="account_financial_report_cn_BS_35" model="account.financial.html.report.line">
            <field name="name">应付职工薪酬</field>
            <field name="code">BS_35</field>
            <field name="parent_id" ref='account_financial_report_cn_bs_ZC4'/>
            <field name="domain" eval="[('account_id.code', '=like', '2211%')]" />
            <field name="groupby">account_id</field>
            <field name="formulas">-sum</field>
            <field name="sequence" eval="47"/>
            <field name="level" eval="2" />
        </record>
        <record id="account_financial_report_cn_BS_36" model="account.financial.html.report.line">
            <field name="name">应交税费</field>
            <field name="code">BS_36</field>
            <field name="parent_id" ref='account_financial_report_cn_bs_ZC4'/>
            <field name="domain" eval="[('account_id.code', '=like', '2221%')]" />
            <field name="groupby">account_id</field>
            <field name="formulas">-sum</field>
            <field name="sequence" eval="48"/>
            <field name="level" eval="2" />
        </record>
        <record id="account_financial_report_cn_BS_37" model="account.financial.html.report.line">
            <field name="name">应付利息</field>
            <field name="code">BS_37</field>
            <field name="parent_id" ref='account_financial_report_cn_bs_ZC4'/>
            <field name="domain" eval="[('account_id.code', '=like', '2231%')]" />
            <field name="groupby">account_id</field>
            <field name="formulas">-sum</field>
            <field name="sequence" eval="49"/>
            <field name="level" eval="2" />
        </record>
        <record id="account_financial_report_cn_BS_38" model="account.financial.html.report.line">
            <field name="name">应付利润</field>
            <field name="code">BS_38</field>
            <field name="parent_id" ref='account_financial_report_cn_bs_ZC4'/>
            <field name="domain" eval="[('account_id.code', '=like', '2232%')]" />
            <field name="groupby">account_id</field>
            <field name="formulas">-sum</field>
            <field name="sequence" eval="50"/>
            <field name="level" eval="2" />
        </record>
        <record id="account_financial_report_cn_BS_39" model="account.financial.html.report.line">
            <field name="name">其他应付款</field>
            <field name="code">BS_39</field>
            <field name="parent_id" ref='account_financial_report_cn_bs_ZC4'/>
            <field name="domain" eval="[('account_id.code', '=like', '2241%')]" />
            <field name="groupby">account_id</field>
            <field name="formulas">-sum</field>
            <field name="sequence" eval="51"/>
            <field name="level" eval="2" />
        </record>
        <record id="account_financial_report_cn_BS_40" model="account.financial.html.report.line">
            <field name="name">其他流动负债</field>
            <field name="code">BS_40</field>
            <field name="parent_id" ref='account_financial_report_cn_bs_ZC4'/>
            <field name="domain" eval="[('account_id.code', '=like', '2242%')]" />
            <field name="groupby">account_id</field>			
            <field name="formulas">-sum</field>
            <field name="sequence" eval="52"/>
            <field name="level" eval="2" />
        </record>

        <record id="account_financial_report_cn_bs_ZC6" model="account.financial.html.report.line">
            <field name="name">非流动负债：</field>
            <field name="sequence" eval="53"/>
            <field name="financial_report_id" ref="account_financial_report_cn_balancesheet0"/>
            <field name="code">BS_ZC6</field>
            <field name="formulas">BS_42 + BS_43 + BS_44 + BS_45</field>
            <field name="level" eval="1" />
        </record>
        <record id="account_financial_report_cn_BS_42" model="account.financial.html.report.line">
            <field name="name">长期借款</field>
            <field name="code">BS_42</field>
            <field name="parent_id" ref='account_financial_report_cn_bs_ZC6'/>
            <field name="domain" eval="[('account_id.code', '=like', '2501%')]" />
            <field name="groupby">account_id</field>
            <field name="formulas">-sum</field>
            <field name="sequence" eval="54"/>
            <field name="level" eval="2" />
        </record>
        <record id="account_financial_report_cn_BS_43" model="account.financial.html.report.line">
            <field name="name">长期应付款</field>
            <field name="code">BS_43</field>
            <field name="parent_id" ref='account_financial_report_cn_bs_ZC6'/>
            <field name="domain" eval="[('account_id.code', '=like', '2701%')]" />
            <field name="groupby">account_id</field>
            <field name="formulas">-sum</field>
            <field name="sequence" eval="55"/>
            <field name="level" eval="2" />
        </record>
        <record id="account_financial_report_cn_BS_44" model="account.financial.html.report.line">
            <field name="name">递延收益</field>
            <field name="code">BS_44</field>
            <field name="parent_id" ref='account_financial_report_cn_bs_ZC6'/>
            <field name="domain" eval="[('account_id.code', '=like', '2401%')]" />
            <field name="groupby">account_id</field>
            <field name="formulas">-sum</field>
            <field name="sequence" eval="56"/>
            <field name="level" eval="2" />
        </record>
        <record id="account_financial_report_cn_BS_45" model="account.financial.html.report.line">
            <field name="name">其他非流动负债</field>
            <field name="code">BS_45</field>
            <field name="parent_id" ref='account_financial_report_cn_bs_ZC6'/>
            <field name="domain" eval="['|','|',('account_id.code', '=like', '2711%'),('account_id.code', '=like', '2801%'),('account_id.code', '=like', '2901%')]" />
            <field name="groupby">account_id</field>			
            <field name="formulas">-sum</field>
            <field name="sequence" eval="57"/>
            <field name="level" eval="2" />
        </record>

        <record id="account_financial_report_cn_BS_47" model="account.financial.html.report.line">
            <field name="name">负债总计</field>
            <field name="code">BS_47</field>
            <field name="financial_report_id" ref="account_financial_report_cn_balancesheet0"/>
            <field name="formulas">BS_ZC4 + BS_ZC6 </field>
            <field name="sequence" eval="58"/>
            <field name="level" eval="2" />
        </record>

        <record id="account_financial_report_cn_bs_ZC8" model="account.financial.html.report.line">
            <field name="name">所有者权益：</field>
            <field name="sequence" eval="59"/>
            <field name="financial_report_id" ref="account_financial_report_cn_balancesheet0"/>
            <field name="code">BS_ZC8</field>
            <field name="formulas">BS_48 + BS_49 + BS_50 + BS_51</field>
            <field name="level" eval="1" />
        </record>
        <record id="account_financial_report_cn_BS_48" model="account.financial.html.report.line">
            <field name="name">实收资本</field>
            <field name="code">BS_48</field>
            <field name="parent_id" ref='account_financial_report_cn_bs_ZC8'/>
            <field name="domain" eval="[('account_id.code', '=like', '4001%')]" />
            <field name="groupby">account_id</field>
            <field name="formulas">-sum</field>
            <field name="sequence" eval="60"/>
            <field name="level" eval="2" />
        </record>
        <record id="account_financial_report_cn_BS_49" model="account.financial.html.report.line">
            <field name="name">资本公积</field>
            <field name="code">BS_49</field>
            <field name="parent_id" ref='account_financial_report_cn_bs_ZC8'/>
            <field name="domain" eval="[('account_id.code', '=like', '4002%')]" />
            <field name="groupby">account_id</field>
            <field name="formulas">-sum</field>
            <field name="sequence" eval="61"/>
            <field name="level" eval="2" />
        </record>
        <record id="account_financial_report_cn_BS_50" model="account.financial.html.report.line">
            <field name="name">盈余公积</field>
            <field name="code">BS_50</field>
            <field name="parent_id" ref='account_financial_report_cn_bs_ZC8'/>
            <field name="domain" eval="[('account_id.code', '=like', '4101%')]" />
            <field name="groupby">account_id</field>
            <field name="formulas">-sum</field>
            <field name="sequence" eval="62"/>
            <field name="level" eval="2" />
        </record>
        <record id="account_financial_report_cn_BS_51" model="account.financial.html.report.line">
            <field name="name">未分配利润</field>
            <field name="code">BS_51</field>
            <field name="parent_id" ref='account_financial_report_cn_bs_ZC8'/>
            <field name="domain" eval="['|',('account_id.code', '=like', '4104%'),('account_id.code', '=like', '4103%')]"/>
            
            <field name="formulas">PL_40 - sum</field>
            <field name="special_date_changer">from_beginning</field>
            <field name="sequence" eval="63"/>
            <field name="level" eval="2" />
        </record>

        <record id="account_financial_report_cn_BS_53" model="account.financial.html.report.line">
            <field name="name">负债和所有者权益总计</field>
            <field name="code">BS_53</field>
            <field name="financial_report_id" ref="account_financial_report_cn_balancesheet0"/>
            <field name="formulas">BS_ZC4 + BS_ZC6 + BS_ZC8 </field>
            <field name="sequence" eval="64"/>
            <field name="level" eval="2" />
        </record>

		<!-- 现金流量表标签  -->
        <record id="account_tag_cf01" model="account.account.tag">
        	<field name="name">销售产成品、商品、提供劳务收到的现金</field>
        </record>
        <record id="account_tag_cf02" model="account.account.tag">
        	<field name="name">收到其他与经营活动有关的现金</field>
        </record>
        <record id="account_tag_cf03" model="account.account.tag">
        	<field name="name">购买原材料、商品、接受劳务支付的现金</field>
        </record>
        <record id="account_tag_cf04" model="account.account.tag">
        	<field name="name">支付的职工薪酬</field>
        </record>
        <record id="account_tag_cf05" model="account.account.tag">
        	<field name="name">支付的税费</field>
        </record>
        <record id="account_tag_cf06" model="account.account.tag">
        	<field name="name">支付其他与经营活动有关的现金</field>
        </record>
        <record id="account_tag_cf09" model="account.account.tag">
        	<field name="name">处置固定资产、无形资产收回的现金净额</field>
        </record>
        <record id="account_tag_cf10" model="account.account.tag">
        	<field name="name">收回短期投资、长期债券和长期股权投资收到的现金</field>
        </record>
        <record id="account_tag_cf11" model="account.account.tag">
        	<field name="name">取得投资收益收到的现金</field>
        </record>
        <record id="account_tag_cf12" model="account.account.tag">
        	<field name="name">构建固定资产和无形资产支付的现金</field>
        </record>
        <record id="account_tag_cf13" model="account.account.tag">
        	<field name="name">短期投资、长期债券和长期股权投资支付的现金</field>
        </record>
        <record id="account_tag_cf14" model="account.account.tag">
        	<field name="name">支付其他与投资活动有关的现金</field>
        </record>
        <record id="account_tag_cf17" model="account.account.tag">
        	<field name="name">取得借款收到的现金</field>
        </record>
        <record id="account_tag_cf18" model="account.account.tag">
        	<field name="name">吸收投资者投资收到的现金</field>
        </record>
        <record id="account_tag_cf19" model="account.account.tag">
        	<field name="name">偿还借款本息支付的现金</field>
        </record>
        <record id="account_tag_cf20" model="account.account.tag">
        	<field name="name">分配利润支付的现金</field>
        </record>
        <record id="account_tag_cf21" model="account.account.tag">
        	<field name="name">筹资活动产生的现金流量净额</field>
        </record>

		<menuitem id="account_reports.menu_action_account_report_cash_flow" name="现金流量表 - 开源智造" action="account_reports.action_account_report_cs" parent="account.account_reports_legal_statements_menu" groups="account.group_account_user"/>

</odoo>
