<?xml version="1.0" encoding="utf-8"?>
<odoo>
    <data noupdate="0">
        <record forcecreate="0" id="rateCNY" model="res.currency.rate">
            <field name="rate">1.0000</field>
            <field name="currency_id" ref="base.CNY"/>
            <field name="name">2011-01-01</field>
        </record>
        <record forcecreate="0" id="rateUSD" model="res.currency.rate">
            <field name="rate">0.1429</field>
            <field name="currency_id" ref="base.USD"/>
            <field name="name">2011-01-01</field>
        </record>
        <record forcecreate="0" id="rateEUR" model="res.currency.rate">
            <field name="rate">0.1282</field>
            <field name="currency_id" ref="base.EUR"/>
            <field name="name">2011-01-01</field>
        </record>
    </data>
</odoo>
