<?xml version="1.0" encoding="utf-8"?>
<odoo>
    <data noupdate="0">
        <record id="l10n_chart_oscg" model="account.chart.template">
            <field name="name">会计科目表 - 开源智造</field>
            <field name="code_digits" eval="4"/>
            <field name="currency_id" ref="base.CNY"/>
            <field name="cash_account_code_prefix">1001</field>
            <field name="bank_account_code_prefix">1002</field>
            <field name="transfer_account_code_prefix">1012</field>
            <field name="spoken_languages" eval="'zh_CN'"/>
        </record>

        <record id="oscg_chart1012" model="account.account.template">
            <field name="code">1012</field>
            <field eval="False" name="reconcile"/>
            <field name="name">其他货币资金</field>
            <field name="user_type_id" ref="account.data_account_type_current_assets"/>
            <field name="chart_template_id" ref="l10n_chart_oscg"/>
        </record>

        <record id="oscg_chart101210" model="account.account.template">
            <field name="code">101210</field>
            <field eval="False" name="reconcile"/>
            <field name="name">流动性转移</field>
            <field name="user_type_id" ref="account.data_account_type_current_assets"/>
            <field name="chart_template_id" ref="l10n_chart_oscg"/>
        </record>
		
        <record id="oscg_chart1101" model="account.account.template">
            <field name="code">1101</field>
            <field eval="False" name="reconcile"/>
            <field name="name">短期投资</field>
            <field name="user_type_id" ref="account.data_account_type_current_assets"/>
            <field name="chart_template_id" ref="l10n_chart_oscg"/>
        </record>

        <record id="oscg_chart1121" model="account.account.template">
            <field name="code">1121</field>
            <field eval="True" name="reconcile"/>
            <field name="name">应收票据</field>
            <field name="user_type_id" ref="account.data_account_type_receivable"/>
            <field name="chart_template_id" ref="l10n_chart_oscg"/>
        </record>
        <record id="oscg_chart1122" model="account.account.template">
            <field name="code">1122</field>
            <field eval="True" name="reconcile"/>
            <field name="name">应收账款</field>
            <field name="user_type_id" ref="account.data_account_type_receivable"/>
            <field name="chart_template_id" ref="l10n_chart_oscg"/>
        </record>
        <record id="oscg_chart1123" model="account.account.template">
            <field name="code">1123</field>
            <field eval="False" name="reconcile"/>
            <field name="name">预付账款</field>
            <field name="user_type_id" ref="account.data_account_type_current_assets"/>
            <field name="chart_template_id" ref="l10n_chart_oscg"/>
        </record>
        <record id="oscg_chart1124" model="account.account.template">
            <field name="code">1124</field>
            <field eval="True" name="reconcile"/>
            <field name="name">应收账款(POS)</field>
            <field name="user_type_id" ref="account.data_account_type_receivable"/>
            <field name="chart_template_id" ref="l10n_chart_oscg"/>
        </record>
        <record id="oscg_chart1131" model="account.account.template">
            <field name="code">1131</field>
            <field eval="False" name="reconcile"/>
            <field name="name">应收股利</field>
            <field name="user_type_id" ref="account.data_account_type_current_assets"/>
            <field name="chart_template_id" ref="l10n_chart_oscg"/>
        </record>
        <record id="oscg_chart1132" model="account.account.template">
            <field name="code">1132</field>
            <field eval="False" name="reconcile"/>
            <field name="name">应收利息</field>
            <field name="user_type_id" ref="account.data_account_type_current_assets"/>
            <field name="chart_template_id" ref="l10n_chart_oscg"/>
        </record>
        <record id="oscg_chart1221" model="account.account.template">
            <field name="code">1221</field>
            <field eval="True" name="reconcile"/>
            <field name="name">其他应收款</field>
            <field name="user_type_id" ref="account.data_account_type_receivable"/>
            <field name="chart_template_id" ref="l10n_chart_oscg"/>
        </record>
		
        <record id="oscg_chart12310001" model="account.account.template">
            <field name="code">12310001</field>
            <field eval="False" name="reconcile"/>
            <field name="name">坏账准备</field>
            <field name="user_type_id" ref="account.data_account_type_current_assets"/>
            <field name="chart_template_id" ref="l10n_chart_oscg"/>
        </record>
		
        <record id="oscg_chart1401" model="account.account.template">
            <field name="code">1401</field>
            <field eval="False" name="reconcile"/>
            <field name="name">材料采购</field>
            <field name="user_type_id" ref="account.data_account_type_current_assets"/>
            <field name="chart_template_id" ref="l10n_chart_oscg"/>
        </record>
        <record id="oscg_chart1402" model="account.account.template">
            <field name="code">1402</field>
            <field eval="False" name="reconcile"/>
            <field name="name">在途物资</field>
            <field name="user_type_id" ref="account.data_account_type_current_assets"/>
            <field name="chart_template_id" ref="l10n_chart_oscg"/>
        </record>
        <record id="oscg_chart1403" model="account.account.template">
            <field name="code">1403</field>
            <field eval="False" name="reconcile"/>
            <field name="name">原材料</field>
            <field name="user_type_id" ref="account.data_account_type_current_assets"/>
            <field name="chart_template_id" ref="l10n_chart_oscg"/>
        </record>
        <record id="oscg_chart1404" model="account.account.template">
            <field name="code">1404</field>
            <field eval="False" name="reconcile"/>
            <field name="name">材料成本差异</field>
            <field name="user_type_id" ref="account.data_account_type_current_assets"/>
            <field name="chart_template_id" ref="l10n_chart_oscg"/>
        </record>
        <record id="oscg_chart1405" model="account.account.template">
            <field name="code">1405</field>
            <field eval="False" name="reconcile"/>
            <field name="name">库存商品</field>
            <field name="user_type_id" ref="account.data_account_type_current_assets"/>
            <field name="chart_template_id" ref="l10n_chart_oscg"/>
        </record>
		
        <record id="oscg_chart140601" model="account.account.template">
            <field name="code">140601</field>
            <field eval="True" name="reconcile"/>
            <field name="name">发出商品</field>
            <field name="user_type_id" ref="account.data_account_type_current_assets"/>
            <field name="chart_template_id" ref="l10n_chart_oscg"/>
        </record>

        <record id="oscg_chart1407" model="account.account.template">
            <field name="code">1407</field>
            <field eval="False" name="reconcile"/>
            <field name="name">商品进销差价</field>
            <field name="user_type_id" ref="account.data_account_type_current_assets"/>
            <field name="chart_template_id" ref="l10n_chart_oscg"/>
        </record>
        <record id="oscg_chart14090001" model="account.account.template">
            <field name="code">14090001</field>
            <field eval="False" name="reconcile"/>
            <field name="name">半成品</field>
            <field name="user_type_id" ref="account.data_account_type_current_assets"/>
            <field name="chart_template_id" ref="l10n_chart_oscg"/>
        </record>

        <record id="oscg_chart1408" model="account.account.template">
            <field name="code">1408</field>
            <field eval="False" name="reconcile"/>
            <field name="name">委托加工物资</field>
            <field name="user_type_id" ref="account.data_account_type_current_assets"/>
            <field name="chart_template_id" ref="l10n_chart_oscg"/>
        </record>
		
        <record id="oscg_chart1411" model="account.account.template">
            <field name="code">1411</field>
            <field eval="False" name="reconcile"/>
            <field name="name">周转材料</field>
            <field name="user_type_id" ref="account.data_account_type_current_assets"/>
            <field name="chart_template_id" ref="l10n_chart_oscg"/>
        </record>

        <record id="oscg_chart1421" model="account.account.template">
            <field name="code">1421</field>
            <field eval="False" name="reconcile"/>
            <field name="name">消耗性生物资产</field>
            <field name="user_type_id" ref="account.data_account_type_current_assets"/>
            <field name="chart_template_id" ref="l10n_chart_oscg"/>
        </record>

        <record id="oscg_chart14710001" model="account.account.template">
            <field name="code">14710001</field>
            <field eval="False" name="reconcile"/>
            <field name="name">存货跌价准备</field>
            <field name="user_type_id" ref="account.data_account_type_current_assets"/>
            <field name="chart_template_id" ref="l10n_chart_oscg"/>
        </record>
		
        <record id="oscg_chart1501" model="account.account.template">
            <field name="code">1501</field>
            <field eval="False" name="reconcile"/>
            <field name="name">长期债券投资</field>
            <field name="user_type_id" ref="account.data_account_type_non_current_assets"/>
            <field name="chart_template_id" ref="l10n_chart_oscg"/>
        </record>

        <record id="oscg_chart1511" model="account.account.template">
            <field name="code">1511</field>
            <field eval="False" name="reconcile"/>
            <field name="name">长期股权投资</field>
            <field name="user_type_id" ref="account.data_account_type_non_current_assets"/>
            <field name="chart_template_id" ref="l10n_chart_oscg"/>
        </record>

        <record id="oscg_chart15310001" model="account.account.template">
            <field name="code">15310001</field>
            <field eval="False" name="reconcile"/>
            <field name="name">长期应收款</field>
            <field name="user_type_id" ref="account.data_account_type_non_current_assets"/>
            <field name="chart_template_id" ref="l10n_chart_oscg"/>
        </record>
		
        <record id="oscg_chart1601" model="account.account.template">
            <field name="code">1601</field>
            <field eval="False" name="reconcile"/>
            <field name="name">固定资产</field>
            <field name="user_type_id" ref="account.data_account_type_fixed_assets"/>
            <field name="chart_template_id" ref="l10n_chart_oscg"/>
        </record>
        <record id="oscg_chart1602" model="account.account.template">
            <field name="code">1602</field>
            <field eval="False" name="reconcile"/>
            <field name="name">累计折旧</field>
            <field name="user_type_id" ref="account.data_account_type_fixed_assets"/>
            <field name="chart_template_id" ref="l10n_chart_oscg"/>
        </record>

        <record id="oscg_chart16030001" model="account.account.template">
            <field name="code">16030001</field>
            <field eval="False" name="reconcile"/>
            <field name="name">固定资产减值准备</field>
            <field name="user_type_id" ref="account.data_account_type_fixed_assets"/>
            <field name="chart_template_id" ref="l10n_chart_oscg"/>
        </record>
		
        <record id="oscg_chart1604" model="account.account.template">
            <field name="code">1604</field>
            <field eval="False" name="reconcile"/>
            <field name="name">在建工程</field>
            <field name="user_type_id" ref="account.data_account_type_non_current_assets"/>
            <field name="chart_template_id" ref="l10n_chart_oscg"/>
        </record>
        <record id="oscg_chart1605" model="account.account.template">
            <field name="code">1605</field>
            <field eval="False" name="reconcile"/>
            <field name="name">工程物资</field>
            <field name="user_type_id" ref="account.data_account_type_non_current_assets"/>
            <field name="chart_template_id" ref="l10n_chart_oscg"/>
        </record>

        <record id="oscg_chart1606" model="account.account.template">
            <field name="code">1606</field>
            <field eval="False" name="reconcile"/>
            <field name="name">固定资产清理</field>
            <field name="user_type_id" ref="account.data_account_type_fixed_assets"/>
            <field name="chart_template_id" ref="l10n_chart_oscg"/>
        </record>

        <record id="oscg_chart1621" model="account.account.template">
            <field name="code">1621</field>
            <field eval="False" name="reconcile"/>
            <field name="name">生产性生物资产</field>
            <field name="user_type_id" ref="account.data_account_type_non_current_assets"/>
            <field name="chart_template_id" ref="l10n_chart_oscg"/>
        </record>

        <record id="oscg_chart1622" model="account.account.template">
            <field name="code">1622</field>
            <field eval="False" name="reconcile"/>
            <field name="name">生产性生物资产累计折旧</field>
            <field name="user_type_id" ref="account.data_account_type_non_current_assets"/>
            <field name="chart_template_id" ref="l10n_chart_oscg"/>
        </record>

        <record id="oscg_chart1701" model="account.account.template">
            <field name="code">1701</field>
            <field eval="False" name="reconcile"/>
            <field name="name">无形资产</field>
            <field name="user_type_id" ref="account.data_account_type_non_current_assets"/>
            <field name="chart_template_id" ref="l10n_chart_oscg"/>
        </record>

        <record id="oscg_chart1702" model="account.account.template">
            <field name="code">1702</field>
            <field eval="False" name="reconcile"/>
            <field name="name">无形资产累计摊销</field>
            <field name="user_type_id" ref="account.data_account_type_non_current_assets"/>
            <field name="chart_template_id" ref="l10n_chart_oscg"/>
        </record>

        <record id="oscg_chart17030001" model="account.account.template">
            <field name="code">17030001</field>
            <field eval="False" name="reconcile"/>
            <field name="name">无形资产减值准备</field>
            <field name="user_type_id" ref="account.data_account_type_non_current_assets"/>
            <field name="chart_template_id" ref="l10n_chart_oscg"/>
        </record>
		
        <record id="oscg_chart1801" model="account.account.template">
            <field name="code">1801</field>
            <field eval="False" name="reconcile"/>
            <field name="name">长期待摊费用</field>
            <field name="user_type_id" ref="account.data_account_type_non_current_assets"/>
            <field name="chart_template_id" ref="l10n_chart_oscg"/>
        </record>
		
        <record id="oscg_chart18110001" model="account.account.template">
            <field name="code">18110001</field>
            <field eval="False" name="reconcile"/>
            <field name="name">递延所得税资产</field>
            <field name="user_type_id" ref="account.data_account_type_non_current_assets"/>
            <field name="chart_template_id" ref="l10n_chart_oscg"/>
        </record>

        <record id="oscg_chart1901" model="account.account.template">
            <field name="code">1901</field>
            <field eval="False" name="reconcile"/>
            <field name="name">待处理财产损溢</field>
            <field name="user_type_id" ref="account.data_account_type_current_assets"/>
            <field name="chart_template_id" ref="l10n_chart_oscg"/>
        </record>
        
        
        <!-- 二、负债类 -->
        <record id="oscg_chart2001" model="account.account.template">
            <field name="code">2001</field>
            <field eval="False" name="reconcile"/>
            <field name="name">短期借款</field>
            <field name="user_type_id" ref="account.data_account_type_current_liabilities"/>
            <field name="chart_template_id" ref="l10n_chart_oscg"/>
        </record>

        <record id="oscg_chart2201" model="account.account.template">
            <field name="code">2201</field>
            <field eval="True" name="reconcile"/>
            <field name="name">应付票据</field>
            <field name="user_type_id" ref="account.data_account_type_payable"/>
            <field name="chart_template_id" ref="l10n_chart_oscg"/>
        </record>
        <record id="oscg_chart220201" model="account.account.template">
            <field name="code">220201</field>
            <field eval="True" name="reconcile"/>
            <field name="name">应付账款</field>
            <field name="user_type_id" ref="account.data_account_type_payable"/>
            <field name="chart_template_id" ref="l10n_chart_oscg"/>
        </record>
        <record id="oscg_chart220202" model="account.account.template">
            <field name="code">220202</field>
            <field eval="True" name="reconcile"/>
            <field name="name">应付暂估</field>
            <field name="user_type_id" ref="account.data_account_type_current_liabilities"/>
            <field name="chart_template_id" ref="l10n_chart_oscg"/>
        </record>
        <record id="oscg_chart2203" model="account.account.template">
            <field name="code">2203</field>
            <field eval="False" name="reconcile"/>
            <field name="name">预收账款</field>
            <field name="user_type_id" ref="account.data_account_type_current_liabilities"/>
            <field name="chart_template_id" ref="l10n_chart_oscg"/>
        </record>
        <record id="oscg_chart2211" model="account.account.template">
            <field name="code">2211</field>
            <field eval="False" name="reconcile"/>
            <field name="name">应付职工薪酬</field>
            <field name="user_type_id" ref="account.data_account_type_current_liabilities"/>
            <field name="chart_template_id" ref="l10n_chart_oscg"/>
        </record>
        <record id="oscg_chart2221" model="account.account.template">
            <field name="code">2221</field>
            <field eval="False" name="reconcile"/>
            <field name="name">应交税费</field>
            <field name="user_type_id" ref="account.data_account_type_current_liabilities"/>
            <field name="chart_template_id" ref="l10n_chart_oscg"/>
        </record>

        <record id="oscg_chart2231" model="account.account.template">
            <field name="code">2231</field>
            <field eval="False" name="reconcile"/>
            <field name="name">应付利息</field>
            <field name="user_type_id" ref="account.data_account_type_current_liabilities"/>
            <field name="chart_template_id" ref="l10n_chart_oscg"/>
        </record>
        <record id="oscg_chart2232" model="account.account.template">
            <field name="code">2232</field>
            <field eval="False" name="reconcile"/>
            <field name="name">应付利润</field>
            <field name="user_type_id" ref="account.data_account_type_current_liabilities"/>
            <field name="chart_template_id" ref="l10n_chart_oscg"/>
        </record>

        <record id="oscg_chart2241" model="account.account.template">
            <field name="code">2241</field>
            <field eval="True" name="reconcile"/>
            <field name="name">其他应付款</field>
            <field name="user_type_id" ref="account.data_account_type_payable"/>
            <field name="chart_template_id" ref="l10n_chart_oscg"/>
        </record>

        <record id="oscg_chart2242" model="account.account.template">
            <field name="code">2242</field>
            <field eval="False" name="reconcile"/>
            <field name="name">其他流动负债</field>
            <field name="user_type_id" ref="account.data_account_type_current_liabilities"/>
            <field name="chart_template_id" ref="l10n_chart_oscg"/>
        </record>
		
        <record id="oscg_chart2401" model="account.account.template">
            <field name="code">2401</field>
            <field eval="False" name="reconcile"/>
            <field name="name">递延收益</field>
            <field name="user_type_id" ref="account.data_account_type_non_current_liabilities"/>
            <field name="chart_template_id" ref="l10n_chart_oscg"/>
        </record>
		
        <record id="oscg_chart2501" model="account.account.template">
            <field name="code">2501</field>
            <field eval="False" name="reconcile"/>
            <field name="name">长期借款</field>
            <field name="user_type_id" ref="account.data_account_type_non_current_liabilities"/>
            <field name="chart_template_id" ref="l10n_chart_oscg"/>
        </record>

        <record id="oscg_chart2701" model="account.account.template">
            <field name="code">2701</field>
            <field eval="False" name="reconcile"/>
            <field name="name">长期应付款</field>
            <field name="user_type_id" ref="account.data_account_type_non_current_liabilities"/>
            <field name="chart_template_id" ref="l10n_chart_oscg"/>
        </record>

        <record id="oscg_chart2711" model="account.account.template">
            <field name="code">2711</field>
            <field eval="False" name="reconcile"/>
            <field name="name">长期专项应付款</field>
            <field name="user_type_id" ref="account.data_account_type_non_current_liabilities"/>
            <field name="chart_template_id" ref="l10n_chart_oscg"/>
        </record>
		
        <record id="oscg_chart2801" model="account.account.template">
            <field name="code">2801</field>
            <field eval="False" name="reconcile"/>
            <field name="name">预计长期负债</field>
            <field name="user_type_id" ref="account.data_account_type_non_current_liabilities"/>
            <field name="chart_template_id" ref="l10n_chart_oscg"/>
        </record>

        <record id="oscg_chart29010001" model="account.account.template">
            <field name="code">29010001</field>
            <field eval="False" name="reconcile"/>
            <field name="name">递延所得税负债</field>
            <field name="user_type_id" ref="account.data_account_type_non_current_liabilities"/>
            <field name="chart_template_id" ref="l10n_chart_oscg"/>
        </record>
		
        <!-- 所有者权益类 -->
        <record id="oscg_chart4001" model="account.account.template">
            <field name="code">4001</field>
            <field eval="False" name="reconcile"/>
            <field name="name">实收资本</field>
            <field name="user_type_id" ref="account.data_account_type_equity"/>
            <field name="chart_template_id" ref="l10n_chart_oscg"/>
        </record>
        <record id="oscg_chart4002" model="account.account.template">
            <field name="code">4002</field>
            <field eval="False" name="reconcile"/>
            <field name="name">资本公积</field>
            <field name="user_type_id" ref="account.data_account_type_equity"/>
            <field name="chart_template_id" ref="l10n_chart_oscg"/>
        </record>
        <record id="oscg_chart4101" model="account.account.template">
            <field name="code">4101</field>
            <field eval="False" name="reconcile"/>
            <field name="name">盈余公积</field>
            <field name="user_type_id" ref="account.data_account_type_equity"/>
            <field name="chart_template_id" ref="l10n_chart_oscg"/>
        </record>
        <record id="oscg_chart4103" model="account.account.template">
            <field name="code">4103</field>
            <field eval="False" name="reconcile"/>
            <field name="name">本年利润</field>
            <field name="user_type_id" ref="account.data_account_type_equity"/>
            <field name="chart_template_id" ref="l10n_chart_oscg"/>
        </record>
        <record id="oscg_chart4104" model="account.account.template">
            <field name="code">4104</field>
            <field eval="False" name="reconcile"/>
            <field name="name">利润分配</field>
            <field name="user_type_id" ref="account.data_account_type_equity"/>
            <field name="chart_template_id" ref="l10n_chart_oscg"/>
        </record>

        <record id="oscg_chart41040001" model="account.account.template">
            <field name="code">41040001</field>
            <field eval="False" name="reconcile"/>
            <field name="name">利润分配-提取法定盈余公积</field>
            <field name="user_type_id" ref="account.data_account_type_equity"/>
            <field name="chart_template_id" ref="l10n_chart_oscg"/>
        </record>

        <record id="oscg_chart41040002" model="account.account.template">
            <field name="code">41040002</field>
            <field eval="False" name="reconcile"/>
            <field name="name">利润分配-未分配利润</field>
            <field name="user_type_id" ref="account.data_account_type_equity"/>
            <field name="chart_template_id" ref="l10n_chart_oscg"/>
        </record>

        <record id="oscg_chart41040003" model="account.account.template">
            <field name="code">41040003</field>
            <field eval="False" name="reconcile"/>
            <field name="name">利润分配-应付股利</field>
            <field name="user_type_id" ref="account.data_account_type_equity"/>
            <field name="chart_template_id" ref="l10n_chart_oscg"/>
        </record>
		
        <!-- 成本类 -->
        <record id="oscg_chart5001" model="account.account.template">
            <field name="code">5001</field>
            <field eval="False" name="reconcile"/>
            <field name="name">生产成本</field>
            <field name="user_type_id" ref="account.data_account_type_current_assets"/>
            <field name="chart_template_id" ref="l10n_chart_oscg"/>
        </record>
        <record id="oscg_chart5101" model="account.account.template">
            <field name="code">5101</field>
            <field eval="False" name="reconcile"/>
            <field name="name">制造费用</field>
            <field name="user_type_id" ref="account.data_account_type_current_assets"/>
            <field name="chart_template_id" ref="l10n_chart_oscg"/>
        </record>
        <record id="oscg_chart5201" model="account.account.template">
            <field name="code">5201</field>
            <field eval="False" name="reconcile"/>
            <field name="name">劳务成本</field>
            <field name="user_type_id" ref="account.data_account_type_current_assets"/>
            <field name="chart_template_id" ref="l10n_chart_oscg"/>
        </record>
        <record id="oscg_chart530101" model="account.account.template">
            <field name="code">530101</field>
            <field eval="False" name="reconcile"/>
            <field name="name">研发支出-费用化</field>
            <field name="user_type_id" ref="account.data_account_type_expenses"/>
            <field name="chart_template_id" ref="l10n_chart_oscg"/>
        </record>
        <record id="oscg_chart530102" model="account.account.template">
            <field name="code">530102</field>
            <field eval="False" name="reconcile"/>
            <field name="name">研发支出-资本化</field>
            <field name="user_type_id" ref="account.data_account_type_non_current_assets"/>
            <field name="chart_template_id" ref="l10n_chart_oscg"/>
        </record>

        <record id="oscg_chart5401" model="account.account.template">
            <field name="code">5401</field>
            <field eval="False" name="reconcile"/>
            <field name="name">工程施工</field>
            <field name="user_type_id" ref="account.data_account_type_non_current_assets"/>
            <field name="chart_template_id" ref="l10n_chart_oscg"/>
        </record>
        <record id="oscg_chart5402" model="account.account.template">
            <field name="code">5402</field>
            <field eval="False" name="reconcile"/>
            <field name="name">工程结算</field>
            <field name="user_type_id" ref="account.data_account_type_non_current_assets"/>
            <field name="chart_template_id" ref="l10n_chart_oscg"/>
        </record>
        <record id="oscg_chart5403" model="account.account.template">
            <field name="code">5403</field>
            <field eval="False" name="reconcile"/>
            <field name="name">机械作业</field>
            <field name="user_type_id" ref="account.data_account_type_non_current_assets"/>
            <field name="chart_template_id" ref="l10n_chart_oscg"/>
        </record>

       <!-- 损益类 -->
        <record id="oscg_chart6001" model="account.account.template">
            <field name="code">6001</field>
            <field eval="False" name="reconcile"/>
            <field name="name">主营业务收入</field>
            <field name="user_type_id" ref="account.data_account_type_revenue"/>
            <field name="chart_template_id" ref="l10n_chart_oscg"/>
        </record>
		
		    <record id="oscg_chart60210001" model="account.account.template">
            <field name="code">60210001</field>
            <field eval="False" name="reconcile"/>
            <field name="name">手续费及佣金收入</field>
            <field name="user_type_id" ref="account.data_account_type_revenue"/>
            <field name="chart_template_id" ref="l10n_chart_oscg"/>
        </record>

		    <record id="oscg_chart60310001" model="account.account.template">
            <field name="code">60310001</field>
            <field eval="False" name="reconcile"/>
            <field name="name">保费收入</field>
            <field name="user_type_id" ref="account.data_account_type_revenue"/>
            <field name="chart_template_id" ref="l10n_chart_oscg"/>
        </record>

		    <record id="oscg_chart60410001" model="account.account.template">
            <field name="code">60410001</field>
            <field eval="False" name="reconcile"/>
            <field name="name">租赁收入</field>
            <field name="user_type_id" ref="account.data_account_type_revenue"/>
            <field name="chart_template_id" ref="l10n_chart_oscg"/>
        </record>
		
        <record id="oscg_chart6051" model="account.account.template">
            <field name="code">6051</field>
            <field eval="False" name="reconcile"/>
            <field name="name">其他业务收入</field>
            <field name="user_type_id" ref="account.data_account_type_revenue"/>
            <field name="chart_template_id" ref="l10n_chart_oscg"/>
        </record>
        <record id="oscg_chart6061" model="account.account.template">
            <field name="code">6061</field>
            <field eval="False" name="reconcile"/>
            <field name="name">汇兑损益</field>
            <field name="user_type_id" ref="account.data_account_type_expenses"/>
            <field name="chart_template_id" ref="l10n_chart_oscg"/>
        </record>
		
        <record id="oscg_chart61010001" model="account.account.template">
            <field name="code">61010001</field>
            <field eval="False" name="reconcile"/>
            <field name="name">公允价值变动损益</field>
            <field name="user_type_id" ref="account.data_account_type_expenses"/>
            <field name="chart_template_id" ref="l10n_chart_oscg"/>
        </record>		
		
        <record id="oscg_chart6111" model="account.account.template">
            <field name="code">6111</field>
            <field eval="False" name="reconcile"/>
            <field name="name">投资收益</field>
            <field name="user_type_id" ref="account.data_account_type_revenue"/>
            <field name="chart_template_id" ref="l10n_chart_oscg"/>
        </record>
        <record id="oscg_chart6301" model="account.account.template">
            <field name="code">6301</field>
            <field eval="False" name="reconcile"/>
            <field name="name">营业外收入</field>
            <field name="user_type_id" ref="account.data_account_type_other_income"/>
            <field name="chart_template_id" ref="l10n_chart_oscg"/>
        </record>

        <record id="oscg_chart6401" model="account.account.template">
            <field name="code">6401</field>
            <field eval="False" name="reconcile"/>
            <field name="name">主营业务成本</field>
            <field name="user_type_id" ref="account.data_account_type_direct_costs"/>
            <field name="chart_template_id" ref="l10n_chart_oscg"/>
        </record>
        <record id="oscg_chart6402" model="account.account.template">
            <field name="code">6402</field>
            <field eval="False" name="reconcile"/>
            <field name="name">其他业务支出</field>
            <field name="user_type_id" ref="account.data_account_type_direct_costs"/>
            <field name="chart_template_id" ref="l10n_chart_oscg"/>
        </record>

        <record id="oscg_chart6403" model="account.account.template">
            <field name="code">6403</field>
            <field eval="False" name="reconcile"/>
            <field name="name">营业税金及附加</field>
            <field name="user_type_id" ref="account.data_account_type_expenses"/>
            <field name="chart_template_id" ref="l10n_chart_oscg"/>
        </record>
		
        <record id="oscg_chart64110001" model="account.account.template">
            <field name="code">64110001</field>
            <field eval="False" name="reconcile"/>
            <field name="name">利息支出</field>
            <field name="user_type_id" ref="account.data_account_type_expenses"/>
            <field name="chart_template_id" ref="l10n_chart_oscg"/>
        </record>		

        <record id="oscg_chart64210001" model="account.account.template">
            <field name="code">64210001</field>
            <field eval="False" name="reconcile"/>
            <field name="name">手续费及佣金支出</field>
            <field name="user_type_id" ref="account.data_account_type_expenses"/>
            <field name="chart_template_id" ref="l10n_chart_oscg"/>
        </record>	

        <record id="oscg_chart65110001" model="account.account.template">
            <field name="code">65110001</field>
            <field eval="False" name="reconcile"/>
            <field name="name">赔付支出</field>
            <field name="user_type_id" ref="account.data_account_type_expenses"/>
            <field name="chart_template_id" ref="l10n_chart_oscg"/>
        </record>	
		
        <record id="oscg_chart6601" model="account.account.template">
            <field name="code">6601</field>
            <field eval="False" name="reconcile"/>
            <field name="name">销售费用</field>
            <field name="user_type_id" ref="account.data_account_type_expenses"/>
            <field name="chart_template_id" ref="l10n_chart_oscg"/>
        </record>
        <record id="oscg_chart6602" model="account.account.template">
            <field name="code">6602</field>
            <field eval="False" name="reconcile"/>
            <field name="name">管理费用</field>
            <field name="user_type_id" ref="account.data_account_type_expenses"/>
            <field name="chart_template_id" ref="l10n_chart_oscg"/>
        </record>
        <record id="oscg_chart6603" model="account.account.template">
            <field name="code">6603</field>
            <field eval="False" name="reconcile"/>
            <field name="name">财务费用</field>
            <field name="user_type_id" ref="account.data_account_type_expenses"/>
            <field name="chart_template_id" ref="l10n_chart_oscg"/>
        </record>

        <record id="oscg_chart67010001" model="account.account.template">
            <field name="code">67010001</field>
            <field eval="False" name="reconcile"/>
            <field name="name">资产减值损失</field>
            <field name="user_type_id" ref="account.data_account_type_expenses"/>
            <field name="chart_template_id" ref="l10n_chart_oscg"/>
        </record>

        <record id="oscg_chart6711" model="account.account.template">
            <field name="code">6711</field>
            <field eval="False" name="reconcile"/>
            <field name="name">营业外支出</field>
            <field name="user_type_id" ref="account.data_account_type_expenses"/>
            <field name="chart_template_id" ref="l10n_chart_oscg"/>
        </record>
        <record id="oscg_chart6801" model="account.account.template">
            <field name="code">6801</field>
            <field eval="False" name="reconcile"/>
            <field name="name">所得税费用</field>
            <field name="user_type_id" ref="account.data_account_type_expenses"/>
            <field name="chart_template_id" ref="l10n_chart_oscg"/>
        </record>
        <record id="oscg_chart6901" model="account.account.template">
            <field name="code">6901</field>
            <field eval="False" name="reconcile"/>
            <field name="name">以前年度损益调整</field>
            <field name="user_type_id" ref="account.data_account_type_expenses"/>
            <field name="chart_template_id" ref="l10n_chart_oscg"/>
        </record>

        <!-- Chart template -->
        <record id="l10n_chart_oscg" model="account.chart.template">
            <field name="property_account_receivable_id" ref="oscg_chart1122"/>
            <field name="property_account_payable_id" ref="oscg_chart220201"/>
            <field name="property_account_expense_categ_id" ref="oscg_chart220202"/>
            <field name="property_account_income_categ_id" ref="oscg_chart6001"/>
            <field name="income_currency_exchange_account_id" ref="oscg_chart6061"/>
            <field name="expense_currency_exchange_account_id" ref="oscg_chart6061"/>
            <field name="default_pos_receivable_account_id" ref="oscg_chart1124" />
        </record>

        <!-- Account Tax Tags-->
        <record id="tax_tag1" model="account.account.tag">
            <field name="name">销项税13％</field>
        </record>
        <record id="tax_tag2" model="account.account.tag">
            <field name="name">进项税13%</field>
        </record>

        <!-- 增值税 -->
        <record id="vats_small_business" model="account.tax.template">
            <field name="chart_template_id" ref="l10n_chart_oscg"/>
            <field name="name">销项税13％</field>
            <field name="description">销项税13％</field>
            <field eval="13" name="amount"/>
            <field name="amount_type">percent</field>
            <field name="price_include"  eval="1"/>
            <field name="type_tax_use">sale</field>
            <field name="invoice_repartition_line_ids" eval="[(5, 0, 0),
                (0,0, {
                    'factor_percent': 100,
                    'repartition_type': 'base',
                }),

                (0,0, {
                    'factor_percent': 100,
                    'repartition_type': 'tax',
                    'account_id': ref('oscg_chart2221'),
                }),

            ]"/>
            <field name="refund_repartition_line_ids" eval="[(5, 0, 0),
                (0,0, {
                    'factor_percent': 100,
                    'repartition_type': 'base',
                }),

                (0,0, {
                    'factor_percent': 100,
                    'repartition_type': 'tax',
                    'account_id': ref('oscg_chart2221'),
                }),
            ]"/>
        </record>

        <record id="vatp_small_business" model="account.tax.template">
            <field name="chart_template_id" ref="l10n_chart_oscg"/>
            <field name="name">进项税13%</field>
            <field name="description">进项税13%</field>
            <field eval="13" name="amount"/>
            <field name="price_include"  eval="1"/>
            <field name="amount_type">percent</field>
            <field name="type_tax_use">purchase</field>
            <field name="invoice_repartition_line_ids" eval="[(5, 0, 0),
                (0,0, {
                    'factor_percent': 100,
                    'repartition_type': 'base',
                }),

                (0,0, {
                    'factor_percent': 100,
                    'repartition_type': 'tax',
                    'account_id': ref('oscg_chart2221'),
                }),

            ]"/>
            <field name="refund_repartition_line_ids" eval="[(5, 0, 0),
                (0,0, {
                    'factor_percent': 100,
                    'repartition_type': 'base',
                }),

                (0,0, {
                    'factor_percent': 100,
                    'repartition_type': 'tax',
                    'account_id': ref('oscg_chart2221'),
                }),
            ]"/>
        </record>

    </data>
</odoo>
