<?xml version="1.0" encoding="utf-8" ?>
<!-- Copyright 2018-2019 ForgeFlow, S.L.
     License LGPL-3.0 or later (http://www.gnu.org/licenses/lgpl-3.0) -->
<odoo>
    <record model="ir.module.category" id="module_category_connector">
        <field name="name">Connector</field>
        <field name="sequence">10</field>
    </record>
    <record id="group_connector_user" model="res.groups">
        <field name="name">Connector User</field>
        <field name="implied_ids" eval="[(4, ref('base.group_user'))]" />
        <field name="category_id" ref="module_category_connector" />
        <field name="users" eval="[(4, ref('base.user_root')),(4, ref('base.user_admin'))]"/>
    </record>
    <record id="group_connector_manager" model="res.groups">
        <field name="name">Connector Manager</field>
        <field
            name="implied_ids"
            eval="[(4, ref('eshow_common_connector_lib.group_connector_user'))]"
        />
        <field name="category_id" ref="module_category_connector" />
        <field name="users" eval="[(4, ref('base.user_root')),(4, ref('base.user_admin'))]"/>
    </record>
</odoo>
