<?xml version="1.0" encoding="utf-8" ?>
<!-- Copyright 2018-2019 ForgeFlow, S.L.
     License LGPL-3.0 or later (http://www.gnu.org/licenses/lgpl-3.0) -->
<odoo>
    <!--
    <record id="shop_product_comp_rule" model="ir.rule">
        <field name="name">Shop Product multi-company</field>
        <field name="model_id" ref="model_web_sale_shop_product" />
        <field name="global" eval="True" />
        <field name="domain_force">
            ['|',('company_id','=',False),('company_id', 'in', company_ids)]
        </field>
    </record>
    -->
</odoo>
