<?xml version="1.0" encoding="utf-8" ?>
<!-- Copyright 2018-2019 ForgeFlow, S.L.
     License LGPL-3.0 or later (http://www.gnu.org/licenses/lgpl-3.0) -->
<odoo>
    <record model="ir.module.category" id="module_category_web_sale">
        <field name="name">Web Sale</field>
        <field name="sequence">10</field>
    </record>
    <record id="group_web_sale_user" model="res.groups">
        <field name="name">Web Sale User</field>
        <field name="implied_ids" eval="[(4, ref('base.group_user'))]" />
        <field name="category_id" ref="module_category_web_sale" />
        <field name="users" eval="[(4, ref('base.user_root')),(4, ref('base.user_admin'))]"/>
    </record>
    <record id="group_web_sale_manager" model="res.groups">
        <field name="name">Web Sale Manager</field>
        <field
            name="implied_ids"
            eval="[(4, ref('web_sale.group_web_sale_user'))]"
        />
        <field name="category_id" ref="module_category_web_sale" />
        <field name="users" eval="[(4, ref('base.user_root')),(4, ref('base.user_admin'))]"/>
    </record>


    <record id="shop_product_comp_rule" model="ir.rule">
        <field name="name">Shop Product multi-company</field>
        <field name="model_id" ref="model_web_sale_shop_product" />
        <field name="global" eval="True" />
        <field name="domain_force">
            ['|',('company_id','=',False),('company_id', 'in', company_ids)]
        </field>
    </record>

    <!--
    <record id="shop_product_followers_rule" model="ir.rule">
        <field name="name">Follow Shop Product</field>
        <field name="model_id" ref="model_web_sale_shop_product" />
        <field name="groups" eval="[(6,0, [ref('group_web_sale_user')])]" />
        <field name="perm_read" eval="True" />
        <field name="perm_write" eval="True" />
        <field name="perm_create" eval="False" />
        <field name="perm_unlink" eval="False" />
        <field name="domain_force">
            ['|',('user_id','=',user.id),
                                        ('message_partner_ids', 'in',
            [user.partner_id.id])]
        </field>
    </record>
    -->

    <!--
    <record id="shop_product_user_rule" model="ir.rule">
        <field name="name">Shop Product User</field>
        <field name="model_id" ref="model_web_sale_shop_product" />
        <field name="groups" eval="[(6,0, [ref('group_web_sale_user')])]" />
        <field name="perm_read" eval="True" />
        <field name="perm_write" eval="True" />
        <field name="perm_create" eval="True" />
        <field name="perm_unlink" eval="True" />
        <field name="domain_force">[('user_id','=',user.id)]</field>
    </record>
    <record id="shop_product_manager_rule" model="ir.rule">
        <field name="name">Shop Product Manager</field>
        <field name="model_id" ref="model_web_sale_shop_product" />
        <field name="groups" eval="[(6,0, [ref('group_web_sale_manager')])]" />
        <field name="perm_read" eval="True" />
        <field name="perm_write" eval="True" />
        <field name="perm_create" eval="True" />
        <field name="perm_unlink" eval="True" />
    </record>
    -->
</odoo>
